ANIO,CVE_ENT,CRE_NAT,CRE_SOC,CRE_TOT,DEF,EDAD_MED,EMI_EST,EMI_INT,EVH,EVM,EV,HOM_MIT_ANIO,IND_ENV,INM_EST,INM_INT,MIG_NET_EST,MIG_NET_INT,MUJ_MIT_ANIO,NAC,POB_MIT_ANIO,MUJ_12_14,MUJ_15_17,MUJ_15_19,MUJ_15_29,MUJ_15_49,MUJ_18_24,MUJ_20_24,MUJ_3_5,MUJ_30_64,MUJ_6_11,MUJ_65_MAS,HOM_12_14,HOM_15_17,HOM_15_19,HOM_15_29,HOM_15_49,HOM_18_24,HOM_20_24,HOM_3_5,HOM_30_64,HOM_6_11,HOM_65_MAS,POB_12_14,POB_15_17,POB_15_19,POB_15_29,POB_15_49,POB_18_24,POB_20_24,POB_3_5,POB_30_64,POB_6_11,POB_65_MAS,RAZ_DEP_ADU,RAZ_DEP_INF,RAZ_DEP,T_BRU_MOR,T_BRU_NAT,T_CRE_NAT,T_CRE_SOC,T_CRE_TOT,T_EMI_EST,T_INM_EST,T_MIG_NET_EST,T_MIG_NET_INT,TMIH,TMIM,TMI,TEF_ADO,TGF
2020,0,1375102,-177638,1197464,776256,28.45,698742,314423,72.37,78.11,75.23,62567626,29.62,698742,136785,0,-177638,65224660,2151358,127792286,3279593,3281686,5452680,16154979,34533408,7544688,5373694,3224331,27526664,6515977,5358231,3398396,3392818,5619968,16397187,33115635,7690013,5462863,3342650,24987746,6754694,4405327,6677989,6674504,11072648,32552166,67649043,15234701,10836557,6566981,52514410,13270671,9763558,11.48,38.75,50.23,6.07,16.83,1.08,-0.14,0.94,0.55,0.55,0,-0.14,14.08,11.45,12.8,68.53,2.05
2021,0,1342462,-179577,1162885,791489,29,693673,317765,72.49,78.24,75.35,63139259,30.88,693673,138188,0,-179577,65833180,2133951,128972439,3270969,3279308,5451509,16152778,34738104,7539019,5366818,3202476,28003516,6498933,5564409,3388959,3392329,5624910,16417826,33373639,7689174,5456593,3320885,25446903,6737802,4570712,6659928,6671637,11076419,32570604,68111743,15228193,10823411,6523361,53450419,13236735,10135121,11.78,38.15,49.93,6.14,16.55,1.04,-0.14,0.9,0.54,0.54,0,-0.14,13.74,11.16,12.48,67.69,2.03
2022,0,1310395,-181439,1128956,806380,29,688381,320758,72.62,78.38,75.49,63692767,32.23,688381,139319,0,-181439,66425589,2116775,130118356,3262263,3272477,5446970,16140954,34922196,7539755,5365262,3178529,28466805,6479191,5782187,3380367,3385384,5623888,16420759,33614558,7694840,5456336,3296453,25901017,6718177,4745111,6642630,6657861,11070858,32561713,68536754,15234595,10821598,6474982,54367822,13197368,10527298,12.11,37.57,49.68,6.2,16.27,1.01,-0.14,0.87,0.53,0.53,0,-0.14,13.36,10.85,12.13,66.92,2.01
2023,0,1278103,-183229,1094874,821706,29.55,682842,323424,72.76,78.52,75.63,64228297,33.66,682842,140195,0,-183229,67001958,2099809,131230255,3253415,3263885,5439278,16123378,35088462,7543002,5367609,3153786,28913597,6454798,6011402,3372136,3375793,5617330,16412749,33842429,7703234,5461697,3270912,26344739,6693773,4928167,6625551,6639678,11056608,32536127,68930891,15246236,10829306,6424698,55258336,13148571,10939569,12.46,37.01,49.47,6.26,16,0.97,-0.14,0.83,0.52,0.52,0,-0.14,12.98,10.54,11.79,66.21,1.99
2024,0,1245920,-184869,1061051,837090,30,677172,325716,72.9,78.67,75.78,64746182,35.18,677172,140847,0,-184869,67562094,2083010,132308276,3245643,3255415,5427157,16101531,35238871,7543823,5372081,3129346,29342218,6424185,6251430,3364542,3366850,5605464,16398664,34061013,7710348,5471734,3245480,26774350,6662908,5119225,6610185,6622265,11032621,32500195,69299884,15254171,10843815,6374826,56116568,13087093,11370655,12.83,36.47,49.3,6.33,15.74,0.94,-0.14,0.8,0.51,0.51,0,-0.14,12.6,10.22,11.44,65.53,1.97
2020,1,17198,1764,18962,7324,27,4579,4463,72.96,78.89,75.91,706634,23.73,8829,1977,4250,-2486,728001,24522,1434635,39360,39611,65804,191219,392641,90157,63964,37181,296835,76879,50231,40925,41087,68172,197928,382358,93466,66381,38770,269234,80456,41702,80285,80698,133976,389147,774999,183623,130345,75951,566069,157335,91933,9.62,40.57,50.19,5.11,17.09,1.2,0.12,1.32,0.319175261,0.615417859,0.296242598,-0.17,10.87,8.95,9.93,73.83,2.01
2021,1,16975,1700,18675,7527,27,4520,4508,73.06,79,76.01,715916,24.97,8729,1999,4209,-2509,737536,24502,1453452,39258,39647,65954,192376,397150,90645,64338,36894,303726,76595,52585,40873,41163,68370,199154,387853,93810,66603,38268,276193,80287,43723,80131,80810,134324,391530,785003,184455,130941,75162,579919,156882,96308,9.91,39.7,49.62,5.18,16.86,1.17,0.12,1.28,0.310983782,0.600570229,0.289586447,-0.17,10.62,8.73,9.7,72.99,1.99
2022,1,16531,1620,18151,7713,27.7,4463,4549,73.19,79.14,76.15,724980,26.3,8624,2008,4161,-2541,746879,24244,1471859,39136,39603,66010,193303,401384,91128,64721,36688,310551,76207,55088,40823,41159,68486,200055,393112,94164,66837,37958,283206,79873,45849,79959,80762,134496,393358,794496,185292,131558,74646,593757,156080,100937,10.23,38.88,49.11,5.24,16.47,1.12,0.11,1.23,0.30322198,0.58592569,0.28270371,-0.17,10.32,8.48,9.42,71.53,1.96
2023,1,16301,1564,17865,7918,28,4401,4585,73.31,79.26,76.27,733828,27.72,8523,2027,4122,-2558,756047,24219,1489875,38997,39516,65983,194036,405372,91556,65089,36510,317272,75771,57754,40775,41110,68525,200715,398173,94508,67093,37774,290205,79272,48078,79772,80626,134508,394751,803545,186064,132182,74284,607477,155043,105832,10.56,38.1,48.66,5.31,16.26,1.09,0.1,1.2,0.295393909,0.572061415,0.276667506,-0.17,10.04,8.25,9.17,70.84,1.94
2024,1,15836,1501,17337,8115,28.28,4333,4619,73.45,79.4,76.41,742455,29.22,8417,2036,4084,-2583,765019,23951,1507474,38857,39410,65864,194590,409136,91871,65417,36311,323866,75322,60567,40721,41056,68489,201195,403071,94802,67369,37569,297139,78636,50395,79578,80466,134353,395785,812207,186673,132786,73880,621005,153958,110962,10.91,37.35,48.26,5.38,15.89,1.05,0.1,1.15,0.287434476,0.558351255,0.270916779,-0.17,9.74,8,8.89,69.52,1.91
2020,2,39517,16235,55752,18424,28.74,22259,5275,72.95,79.18,75.96,1815647,25.5,31903,11866,9644,6591,1819221,57941,3634868,91045,91705,153164,464606,995116,216544,155085,89911,779735,181305,126018,93355,95170,159259,484456,1004400,226506,162417,92033,766870,183689,105479,184400,186875,312423,949062,1999516,443050,317502,181944,1546605,364994,231497,9.28,36.37,45.65,5.07,15.94,1.09,0.45,1.53,0.61237437,0.877693495,0.265319126,0.18,10.38,8.61,9.52,62.51,1.91
2021,2,38770,16061,54831,19006,29,22253,5333,73.06,79.28,76.07,1842577,26.9,31652,11995,9399,6662,1847583,57776,3690160,91183,92028,153727,467112,1006930,217388,155689,89498,798731,181914,132907,93121,95171,159431,487077,1016439,227197,162937,92258,785425,184076,111225,184304,187199,313158,954189,2023369,444585,318626,181756,1584156,365990,244132,9.62,35.76,45.38,5.15,15.66,1.05,0.44,1.49,0.603036183,0.857740586,0.254704403,0.18,10.13,8.4,9.29,61.68,1.89
2022,2,37811,15884,53695,19581,29.21,22228,5385,73.19,79.41,76.2,1868947,28.38,31404,12093,9176,6708,1875468,57392,3744415,91306,92230,154203,469173,1018080,218340,156367,89089,817533,182350,140159,92934,94987,159401,488871,1027878,227878,163464,92136,803941,184710,117349,184240,187217,313604,958044,2045958,446218,319831,181225,1621474,367060,257508,9.98,35.18,45.16,5.23,15.33,1.01,0.42,1.43,0.593630781,0.838689088,0.245058307,0.18,9.85,8.17,9.03,60.71,1.86
2023,2,37017,15671,52688,20192,29.94,22201,5427,73.31,79.53,76.32,1894752,29.96,31137,12162,8936,6735,1902858,57209,3797610,91442,92365,154603,470899,1028652,219323,157085,88714,836033,182536,147773,92815,94718,159214,490020,1038846,228479,163983,91755,822258,185451,123857,184257,187083,313817,960919,2067498,447802,321068,180469,1658291,367987,271630,10.37,34.62,44.99,5.32,15.06,0.97,0.41,1.39,0.584604528,0.819910417,0.23530589,0.18,9.57,7.96,8.79,60.02,1.84
2024,2,36017,15478,51495,20795,30,22158,5466,73.45,79.66,76.46,1919981,31.63,30874,12228,8716,6762,1929724,56812,3849705,91674,92484,154875,472349,1038706,220200,157809,88318,854151,182451,155738,92821,94469,158878,490693,1049474,228889,164480,91350,840237,185982,130734,184495,186953,313753,963042,2088180,449089,322289,179668,1694388,368433,286472,10.78,34.09,44.87,5.4,14.76,0.94,0.4,1.34,0.57557657,0.801983529,0.226406958,0.18,9.29,7.73,8.53,59.17,1.82
2020,3,10054,6454,16508,3983,28.51,6406,611,72.89,79.13,75.85,409022,23.79,12547,924,6141,313,395686,14037,804708,19776,19660,32755,99227,215277,46115,33020,20966,168291,40712,26082,20227,20521,34443,107541,229774,49923,36001,21244,174862,41054,22884,40003,40181,67198,206768,445051,96038,69021,42210,343153,81766,48966,8.9,37.43,46.33,4.95,17.44,1.25,0.8,2.05,0.796065157,1.559199113,0.763133957,0.04,11.47,9.4,10.46,69.03,2.15
2021,3,9938,6269,16207,4120,29,6505,617,73.02,79.23,75.97,417172,24.86,12458,933,5953,316,403887,14058,821059,19976,19858,33088,100368,218691,46592,33362,21109,172898,41278,27513,20340,20648,34655,108535,233618,50234,36227,21341,179959,41548,24117,40316,40506,67743,208903,452309,96826,69589,42450,352857,82826,51630,9.19,36.97,46.16,5.02,17.12,1.21,0.76,1.97,0.792269496,1.517308744,0.725039248,0.04,11.18,9.19,10.21,68.21,2.13
2022,3,9929,6096,16025,4258,29,6588,624,73.15,79.36,76.09,425190,26,12361,947,5773,323,411978,14187,837168,20174,20038,33406,101417,221942,47081,33713,21207,177455,41835,29039,20471,20749,34841,109353,237279,50542,36450,21427,185057,42023,25413,40645,40787,68247,210770,459221,97623,70163,42634,362512,83858,54452,9.5,36.53,46.03,5.09,16.95,1.19,0.73,1.91,0.786938822,1.47652562,0.689586797,0.04,10.88,8.94,9.93,67.89,2.12
2023,3,9794,5907,15701,4401,29.39,6673,628,73.27,79.47,76.21,433069,27.21,12257,951,5584,323,419957,14195,853026,20377,20212,33713,102390,225054,47566,34065,21298,181952,42333,30659,20629,20838,35017,110030,240774,50847,36668,21534,190115,42431,26777,41006,41050,68730,212420,465828,98413,70733,42832,372067,84764,57436,9.83,36.12,45.94,5.16,16.64,1.15,0.69,1.84,0.782273928,1.436884691,0.654610762,0.04,10.58,8.71,9.67,67.1,2.1
2024,3,9770,5726,15496,4542,29.99,6761,629,73.41,79.6,76.35,440813,28.49,12159,957,5398,328,427809,14312,868622,20612,20392,34002,103298,228036,48016,34406,21383,186362,42745,32372,20825,20935,35181,110613,244146,51131,36885,21632,195105,42777,28211,41437,41327,69183,213911,472182,99147,71291,43015,381467,85522,60583,10.18,35.72,45.89,5.23,16.48,1.12,0.66,1.78,0.778359286,1.399803367,0.62144408,0.04,10.26,8.46,9.38,66.85,2.09
2020,4,12105,4411,16516,5784,28,5736,522,71.91,77.83,74.78,494604,25.53,10063,606,4327,84,506013,17889,1000617,25458,25315,42212,129121,274266,59836,42939,26943,210126,52630,35490,25906,25672,42659,129653,267034,60018,43031,27553,198583,53501,32263,51364,50987,84871,258774,541300,119854,85970,54496,408709,106131,67753,10.15,39.76,49.91,5.78,17.88,1.21,0.44,1.65,0.573246307,1.005679496,0.432433189,0.01,15,12.13,13.6,79.17,2.11
2021,4,11900,4376,16276,5903,28,5736,526,72.03,77.98,74.92,502774,26.45,10026,612,4290,86,514237,17803,1017011,25638,25448,42400,129607,277966,59927,42975,26808,215576,53245,37132,26127,25852,42941,130303,271143,60132,43043,27547,204013,54183,33468,51765,51300,85341,259910,549109,120059,86018,54355,419589,107428,70600,10.39,39.28,49.67,5.8,17.51,1.17,0.43,1.6,0.564005699,0.985830045,0.421824346,0.01,14.64,11.81,13.26,78,2.09
2022,4,11823,4344,16167,6019,28.59,5727,534,72.2,78.12,75.08,510847,27.44,9987,618,4260,84,522376,17842,1033223,25838,25580,42614,130030,281528,60086,43052,26714,220973,53740,38874,26380,26022,43237,130843,275139,60333,43118,27513,209462,54796,34742,52218,51602,85851,260873,556667,120419,86170,54227,430435,108536,73616,10.65,38.81,49.46,5.83,17.27,1.14,0.42,1.56,0.55428499,0.966587078,0.412302088,0.01,14.2,11.48,12.87,77.51,2.08
2023,4,11588,4305,15893,6154,29,5722,538,72.32,78.26,75.21,518825,28.49,9942,623,4220,85,530419,17742,1049244,26066,25728,42855,130427,284969,60296,43169,26705,226283,54048,40714,26660,26204,43548,131344,279055,60608,43264,27508,214883,55267,36080,52726,51932,86403,261771,564024,120904,86433,54213,441166,109315,76794,10.92,38.34,49.27,5.87,16.91,1.1,0.41,1.51,0.545345029,0.947539371,0.402194342,0.01,13.82,11.16,12.52,76.44,2.05
2024,4,11490,4273,15763,6283,29,5710,542,72.49,78.41,75.37,526696,29.62,9899,626,4189,84,538375,17773,1065071,26346,25902,43110,130829,288308,60533,43325,26683,231492,54237,42652,26974,26421,43873,131855,282924,60932,43480,27489,220235,55617,37479,53320,52323,86983,262684,571232,121465,86805,54172,451727,109854,80131,11.22,37.87,49.08,5.9,16.69,1.08,0.4,1.48,0.536114494,0.929421607,0.393307113,0.01,13.38,10.82,12.13,75.99,2.04
2020,5,43161,-199,42962,18036,28,12416,3805,72.7,78.86,75.69,1605417,26.32,13108,2914,692,-891,1613303,61197,3218720,81812,81395,135136,394098,837856,185421,131680,88270,669657,167413,122740,85885,85645,142129,413497,837718,194963,138479,92015,638870,175393,107004,167697,167040,277265,807595,1675574,380384,270159,180285,1308527,342806,229744,10.86,41.25,52.1,5.6,19.01,1.34,-0.01,1.33,0.385743401,0.407242631,0.02149923,-0.03,10.57,8.76,9.69,94.31,2.41
2021,5,42299,-196,42103,18496,28,12270,3850,72.81,78.98,75.8,1626244,27.37,12983,2941,713,-909,1635015,60795,3261259,81968,81499,135396,395945,844070,186098,132201,89140,681597,168801,128391,86008,85720,142388,415467,845344,195526,138858,92755,650858,176850,111692,167976,167219,277784,811412,1689414,381624,271059,181895,1332455,345651,240083,11.2,40.92,52.12,5.67,18.64,1.3,-0.01,1.29,0.376235068,0.39809779,0.021862722,-0.03,10.31,8.54,9.45,92.94,2.38
2022,5,42004,-176,41828,18938,28.28,12117,3882,72.93,79.12,75.93,1646750,28.47,12855,2968,738,-914,1656470,60942,3303220,82208,81542,135600,397487,849853,186806,132748,89382,693341,170672,134355,86253,85700,142549,416947,852638,196124,139275,92926,662830,178714,116618,168461,167242,278149,814434,1702491,382930,272023,182308,1356171,349386,250973,11.56,40.62,52.18,5.73,18.45,1.27,-0.01,1.27,0.366823887,0.389165723,0.022341836,-0.03,10.02,8.3,9.18,92.47,2.37
2023,5,41136,-159,40977,19402,28.82,11951,3914,73.08,79.24,76.07,1666965,29.62,12720,2986,769,-928,1677656,60538,3344621,82539,81615,135797,398835,855328,187471,133289,89254,704829,172714,140618,86612,85708,142673,418123,859764,196685,139720,92795,674690,180665,121783,169151,167323,278470,816958,1715092,384156,273009,182049,1379519,353379,262401,11.95,40.33,52.27,5.8,18.1,1.23,0,1.23,0.357320007,0.380312149,0.022992142,-0.03,9.73,8.07,8.92,91.22,2.34
2024,5,40811,-147,40664,19857,29,11793,3948,73.21,79.38,76.2,1686879,30.84,12593,3001,800,-947,1698567,60668,3385446,83010,81777,135987,400041,860595,188006,133796,89121,716027,174492,147178,87112,85839,142801,419144,866856,197155,140193,92656,686334,182343,127167,170122,167616,278788,819185,1727451,385161,273989,181777,1402361,356835,274345,12.35,40.04,52.39,5.87,17.92,1.21,0,1.2,0.348344059,0.371974623,0.023630564,-0.03,9.44,7.83,8.65,90.8,2.33
2020,6,8903,3316,12219,4550,28.86,4721,1865,73.14,77.96,75.52,390858,28.28,8586,1316,3865,-549,394295,13453,785153,19122,19235,32148,98138,211979,45618,32705,19929,168186,38680,30457,20526,20376,33784,100619,208869,46766,33358,21068,159933,41626,26484,39648,39611,65932,198757,420848,92384,66063,40997,328119,80306,56941,10.81,38.21,49.02,5.8,17.13,1.13,0.42,1.56,0.601284081,1.093544825,0.492260744,-0.07,11.46,9.28,10.4,67.53,2.09
2021,6,8713,3247,11960,4661,29,4700,1889,73.26,78.07,75.63,397061,29.42,8506,1330,3806,-559,400184,13374,797245,19216,19305,32247,98344,214171,45647,32705,19993,172030,39053,31823,20668,20566,34104,101255,211839,47010,33472,21028,163914,41992,27663,39884,39871,66351,199599,426010,92657,66177,41021,335944,81045,59486,11.11,37.76,48.87,5.85,16.78,1.09,0.41,1.5,0.589530195,1.06692422,0.477394026,-0.07,11.18,9.06,10.14,66.58,2.07
2022,6,8593,3193,11786,4765,29.19,4677,1909,73.38,78.24,75.77,403139,30.63,8433,1346,3756,-563,405976,13358,809115,19325,19367,32352,98502,216238,45725,32740,19975,175796,39445,33273,20815,20722,34404,101819,214707,47327,33645,20960,167863,42305,28902,40140,40089,66756,200321,430945,93052,66385,40935,343659,81750,62175,11.43,37.31,48.74,5.89,16.51,1.06,0.39,1.46,0.578038969,1.042249866,0.464210897,-0.07,10.88,8.77,9.85,66.12,2.05
2023,6,8397,3121,11518,4882,29.86,4646,1922,73.51,78.36,75.9,409098,31.93,8343,1346,3697,-576,411673,13279,820771,19451,19437,32470,98645,218207,45836,32803,19919,179471,39792,34801,20972,20858,34678,102354,217495,47695,33875,20898,171747,42522,30199,40423,40295,67148,200999,435702,93531,66678,40817,351218,82314,65000,11.77,36.86,48.63,5.95,16.18,1.02,0.38,1.4,0.566053138,1.016483282,0.450430144,-0.07,10.58,8.53,9.58,65.26,2.03
2024,6,8264,3066,11330,4998,30,4613,1931,73.64,78.5,76.03,414932,33.31,8252,1358,3639,-573,417265,13262,832197,19597,19523,32593,98795,220088,45955,32885,19856,183032,40060,36397,21145,20993,34923,102893,220223,48089,34159,20827,175539,42649,31547,40742,40516,67516,201688,440311,94044,67044,40683,358571,82709,67944,12.13,36.41,48.54,6.01,15.94,0.99,0.37,1.36,0.554315865,0.991592135,0.43727627,-0.07,10.27,8.27,9.3,64.77,2.02
2020,7,99733,-17096,82637,29867,24,26036,6631,71.62,77.05,74.3,2803672,17.76,11718,3853,-14318,-2778,2926695,129600,5730367,172835,166191,272588,771517,1528707,361375,254978,186407,1075397,363512,170478,176594,168711,275001,754662,1419199,355327,249037,192001,958715,371768,156780,349429,334902,547589,1526179,2947906,716702,504015,378408,2034112,735280,327258,9.19,51.76,60.95,5.21,22.62,1.74,-0.3,1.44,0.454351353,0.20448952,-0.249861833,-0.05,21.39,17.39,19.44,84.85,2.69
2021,7,98691,-17331,81360,30426,24,26157,6708,71.75,77.19,74.44,2842785,18.38,11637,3897,-14520,-2811,2969590,129117,5812375,174343,167624,274945,776265,1549288,363239,255918,185550,1102939,366353,177590,178035,170262,277825,760805,1439788,357865,250302,191756,981810,374707,162500,352378,337886,552770,1537070,2989076,721104,506220,377306,2084749,741060,340090,9.39,51.09,60.48,5.23,22.21,1.7,-0.3,1.4,0.450022581,0.200210757,-0.249811824,-0.05,20.89,16.98,18.98,83.6,2.66
2022,7,98491,-17553,80938,30970,24.47,26269,6764,71.89,77.34,74.59,2881435,19.04,11551,3929,-14718,-2835,3012085,129461,5893520,175900,168953,277335,780901,1569322,365637,257255,185071,1130215,368310,185152,179555,171566,280465,766536,1460055,360907,252008,191545,1004970,377120,168535,355455,340519,557800,1547437,3029377,726544,509263,376616,2135185,745430,353687,9.6,50.43,60.04,5.25,21.97,1.67,-0.3,1.37,0.445726832,0.195994923,-0.249731909,-0.05,20.35,16.52,18.48,82.96,2.64
2023,7,97475,-17792,79683,31521,25,26395,6829,72.04,77.51,74.75,2919648,19.76,11481,3951,-14914,-2878,3054190,128996,5973838,177457,170332,279744,785664,1588928,368402,258990,185112,1157053,369208,193175,181088,172861,282922,772197,1480176,364245,254184,191598,1027951,378749,174890,358545,343193,562666,1557861,3069104,732647,513174,376710,2185004,747957,368065,9.83,49.77,59.61,5.28,21.59,1.63,-0.3,1.33,0.441843251,0.192188004,-0.249655247,-0.05,19.81,16.05,17.98,81.86,2.61
2024,7,97267,-18019,79248,32099,25,26502,6875,72.19,77.67,74.91,2957415,20.52,11389,3969,-15113,-2906,3095894,129366,6053309,179042,171825,282098,790611,1608148,371331,261058,185121,1183369,369591,201639,182620,174289,285230,777959,1500266,367713,256772,191621,1050609,379885,181535,361662,346114,567328,1568570,3108414,739044,517830,376742,2233978,749476,383174,10.08,49.11,59.19,5.3,21.37,1.61,-0.3,1.31,0.43781013,0.188145029,-0.249665101,-0.05,19.26,15.59,17.47,81.3,2.59
2020,8,41393,-5873,35520,21560,28.07,14588,8936,72.39,78.61,75.42,1884267,28.02,11205,6446,-3383,-2490,1917220,62953,3801487,99898,99714,165322,480461,1011816,225673,160065,95287,803241,196746,148678,103149,103557,171560,496037,1001576,233526,165523,97847,763041,201027,126838,203047,203271,336882,976498,2013392,459199,325588,193134,1566282,397773,275516,10.84,38.67,49.5,5.67,16.56,1.09,-0.15,0.93,0.383744572,0.29475308,-0.088991492,-0.07,14.56,11.8,13.21,73.66,2.04
2021,8,40473,-5950,34523,22119,28.77,14505,9043,72.51,78.72,75.54,1900882,29.48,11085,6513,-3420,-2530,1935624,62592,3836506,99547,99804,165653,482164,1018424,226483,160634,94300,816693,195395,155401,102464,103465,171740,497792,1008966,234238,165963,97466,776079,199228,132332,202011,203269,337393,979956,2027390,460721,326597,191766,1592772,394623,287733,11.18,37.94,49.12,5.77,16.31,1.05,-0.16,0.9,0.378078387,0.288934776,-0.089143611,-0.07,14.2,11.53,12.9,72.71,2.01
2022,8,39237,-6022,33215,22660,29,14423,9134,72.65,78.86,75.68,1916904,31.03,10973,6562,-3450,-2572,1953477,61897,3870381,99116,99681,165765,483467,1024498,227393,161309,93452,829782,193823,162472,101727,103062,171559,498832,1015813,235022,166525,96900,788957,197619,138136,200843,202743,337324,982299,2040311,462415,327834,190352,1618739,391442,300608,11.56,37.24,48.8,5.85,15.99,1.01,-0.16,0.86,0.372650651,0.28351214,-0.089138511,-0.07,13.82,11.22,12.55,71.47,1.98
2023,8,38370,-6077,32293,23183,29.21,14326,9197,72.78,79,75.81,1932341,32.68,10844,6602,-3482,-2595,1970788,61553,3903129,98612,99416,165656,484437,1030107,228264,162024,92648,842428,192137,169904,100939,102470,171041,499315,1022231,235727,167156,96069,801528,196287,144241,199551,201886,336697,983752,2052338,463991,329180,188717,1643956,388424,314145,11.96,36.58,48.54,5.94,15.77,0.98,-0.16,0.83,0.367038855,0.277828378,-0.089210477,-0.07,13.44,10.91,12.21,70.72,1.96
2024,8,37135,-6134,31001,23730,29.92,14236,9265,72.92,79.13,75.95,1947212,34.43,10728,6639,-3508,-2626,1987570,60865,3934782,98077,99069,165282,485088,1035309,228927,162714,91871,854593,190361,177690,100121,101801,170196,499349,1028321,236194,167799,95260,813694,194946,150638,198198,200870,335478,984437,2063630,465121,330513,187131,1668287,385307,328328,12.38,35.95,48.33,6.03,15.47,0.94,-0.16,0.79,0.361798951,0.272645346,-0.089153605,-0.07,13.05,10.6,11.85,69.61,1.93
2020,9,36107,-49645,-13538,67078,35,117018,13241,73.55,79.48,76.6,4307410,60.82,72269,8345,-44749,-4896,4711235,103185,9018645,175945,185200,313896,1020999,2470525,468754,340058,152410,2303106,325876,581586,181638,191060,323224,1044189,2339104,480901,348737,158103,2013913,336773,415485,357583,376260,637120,2065188,4809629,949655,688795,310513,4317019,662649,997071,15.62,25.69,41.31,7.44,11.44,0.4,-0.55,-0.15,1.297511988,0.801328803,-0.496183185,-0.05,9.94,8.27,9.13,47.83,1.47
2021,9,32676,-48785,-16109,68265,35,115852,13376,73.65,79.59,76.7,4299086,64.22,72003,8440,-43849,-4936,4704741,100941,9003827,172051,181923,308365,1003619,2449106,460419,333977,149966,2312780,317397,600418,177571,187614,317553,1026900,2323727,472009,342070,156152,2026198,328101,429762,349622,369537,625918,2030519,4772833,932428,676047,306118,4338978,645498,1030180,16.17,25.18,41.36,7.58,11.21,0.36,-0.54,-0.18,1.286697312,0.799693286,-0.487004026,-0.05,9.71,8.08,8.91,47.32,1.45
2022,9,30010,-47992,-17982,69409,35.83,114658,13515,73.76,79.71,76.82,4289595,67.78,71678,8503,-42980,-5012,4697179,99419,8986774,168239,178373,302704,985879,2426053,452687,328356,147476,2320503,309449,619833,173653,183831,311670,1008705,2306942,463767,335928,153831,2037142,320253,444430,341892,362204,614374,1994584,4732995,916454,664284,301307,4357645,629702,1064263,16.75,24.72,41.47,7.72,11.06,0.33,-0.53,-0.2,1.275852714,0.797594331,-0.478258383,-0.06,9.46,7.86,8.68,47.18,1.45
2023,9,26689,-47153,-20464,70574,36,113447,13620,73.88,79.83,76.93,4278969,71.48,71353,8561,-42094,-5059,4688589,97263,8967558,164473,174617,296915,967997,2401587,445338,323040,144727,2326183,302269,639778,169807,179847,305585,990049,2289038,455972,330234,150965,2046445,313441,459429,334280,354464,602500,1958046,4690625,901310,653274,295692,4372628,615710,1099207,17.36,24.29,41.65,7.87,10.85,0.3,-0.53,-0.23,1.265082423,0.79567927,-0.469403153,-0.06,9.2,7.65,8.44,46.78,1.44
2024,9,24060,-46355,-22295,71725,36.62,112221,13723,74,79.95,77.06,4267241,75.34,70991,8598,-41230,-5125,4678943,95785,8946184,160638,170819,290891,950126,2375927,437991,317919,142085,2329758,295611,660156,165876,175897,299276,971342,2270322,448309,324930,148199,2053889,307131,474671,326514,346716,590167,1921468,4646249,886300,642849,290284,4383647,602742,1134827,18,23.89,41.89,8.02,10.71,0.27,-0.52,-0.25,1.254400759,0.793533869,-0.46086689,-0.06,8.94,7.43,8.2,46.71,1.44
2020,10,21557,-5780,15777,11091,27,9903,5371,72.11,78.27,75.13,921852,26.73,7141,2353,-2762,-3018,947144,32648,1868996,51645,50550,83379,239700,492101,112471,79642,50338,378167,104729,74479,53207,52146,85902,244386,478620,115121,81365,52145,350395,107916,63973,104852,102696,169281,484086,970721,227592,161007,102483,728562,212645,138452,11.42,42.71,54.13,5.93,17.47,1.15,-0.31,0.84,0.529856672,0.382076794,-0.147779878,-0.16,15.29,12.39,13.88,66.31,2.16
2021,10,21179,-5690,15489,11300,27.23,9727,5427,72.22,78.4,75.25,929299,27.87,7088,2376,-2639,-3051,955323,32479,1884622,51755,50768,83734,240425,495868,112669,79703,49020,384826,104453,77210,53271,52347,86262,245192,482806,115277,81362,50779,356916,107713,66061,105026,103115,169996,485617,978674,227946,161065,99799,741742,212166,143271,11.67,41.88,53.55,6,17.23,1.12,-0.3,0.82,0.516124719,0.376096639,-0.14002808,-0.16,14.95,12.09,13.55,65.13,2.13
2022,10,20590,-5617,14973,11486,27.94,9556,5478,72.37,78.54,75.4,936543,29.11,7021,2396,-2535,-3082,963313,32076,1899856,51846,50932,84081,241067,499483,113013,79864,48165,391361,103563,80098,53335,52469,86580,245800,486854,115576,81465,49887,363418,106884,68289,105181,103401,170661,486867,986337,228589,161329,98052,754779,210447,148387,11.95,41.06,53.01,6.05,16.88,1.08,-0.3,0.79,0.502985489,0.369554324,-0.133431165,-0.16,14.52,11.76,13.17,63.62,2.1
2023,10,20248,-5541,14707,11688,28,9379,5527,72.5,78.68,75.53,943577,30.43,6954,2411,-2425,-3116,971116,31936,1914693,51905,51067,84397,241677,502975,113452,80122,47706,397726,102137,83147,53390,52552,86840,246305,490823,115971,81683,49415,369822,105482,70644,105295,103619,171237,487982,993798,229423,161805,97121,767548,207619,153791,12.25,40.25,52.5,6.1,16.68,1.06,-0.29,0.77,0.489843541,0.363191384,-0.126652158,-0.16,14.12,11.44,12.81,62.72,2.08
2024,10,19681,-5447,14234,11885,28.36,9206,5562,72.65,78.82,75.68,950429,31.85,6897,2424,-2309,-3138,978739,31566,1929168,51934,51190,84648,242272,506372,113924,80466,47273,403904,100565,86342,53431,52631,87030,246775,494758,116414,82015,48967,376073,103926,73123,105365,103821,171678,489047,1001130,230338,162481,96240,779977,204491,159465,12.57,39.45,52.02,6.16,16.36,1.02,-0.28,0.74,0.477200534,0.357511632,-0.119688902,-0.16,13.7,11.11,12.43,61.45,2.04
2020,11,76516,-23161,53355,35274,27,12400,37743,72.17,78.28,75.23,3037303,25.13,19308,7674,6908,-30069,3190872,111790,6228175,167488,167434,277958,819140,1706948,383156,272632,168132,1300815,334515,235868,174138,172873,285477,819137,1611110,385371,272767,175254,1155524,349600,192667,341626,340307,563435,1638277,3318058,768527,545399,343386,2456339,684115,428535,10.47,41.64,52.11,5.66,17.95,1.23,-0.37,0.86,0.199095241,0.310010557,0.110915316,-0.48,15.36,12.43,13.93,68.03,2.13
2021,11,74859,-23262,51597,35858,27.32,12025,38142,72.28,78.41,75.35,3062716,26.15,19156,7749,7131,-30393,3217929,110717,6280645,166910,167010,277347,817247,1716524,381823,271486,166974,1325167,334136,244444,173750,172764,285490,818745,1623006,384496,271770,173619,1178404,349697,199429,340660,339774,562837,1635992,3339530,766319,543256,340593,2503571,683833,443873,10.72,41,51.72,5.71,17.63,1.19,-0.37,0.82,0.191461227,0.305000521,0.113539294,-0.48,15,12.13,13.6,67.11,2.11
2022,11,72720,-23308,49412,36427,28,11655,38479,72.43,78.55,75.49,3087052,27.25,19011,7815,7356,-30664,3244090,109147,6331142,166383,166419,276653,814892,1725031,380890,270656,165395,1348868,333778,253582,173469,172406,285332,817581,1633923,384071,271145,171772,1201029,349476,206587,339852,338825,561985,1632473,3358954,764961,541801,337167,2549897,683254,460169,11,40.37,51.38,5.75,17.24,1.15,-0.37,0.78,0.184090011,0.30027758,0.116187569,-0.48,14.58,11.8,13.23,65.97,2.07
2023,11,71058,-23410,47648,37039,28,11287,38815,72.56,78.68,75.63,3110338,28.43,18833,7859,7546,-30956,3269339,108097,6379677,165914,165807,275884,812316,1732616,380172,270095,163578,1371754,333177,263257,173281,171987,285021,816032,1644096,383936,270902,169898,1223119,348673,214134,339195,337794,560905,1628348,3376712,764108,540997,333476,2594873,681850,477391,11.3,39.76,51.06,5.81,16.94,1.11,-0.37,0.75,0.176921183,0.295203033,0.11828185,-0.49,14.18,11.48,12.86,65.21,2.05
2024,11,68922,-23465,45457,37638,28.48,10935,39101,72.7,78.83,75.77,3132574,29.69,18669,7902,7734,-31199,3293663,106560,6426237,165593,165261,274982,809623,1739359,379435,269714,161756,1393704,332033,273447,173233,171665,284551,814364,1653724,383902,271016,167985,1244472,347216,222028,338826,336926,559533,1623987,3393083,763337,540730,329741,2638176,679249,495475,11.62,39.15,50.77,5.86,16.58,1.07,-0.37,0.71,0.170161791,0.290512161,0.12035037,-0.49,13.77,11.14,12.49,64.18,2.02
2020,12,42687,-30413,12274,25398,26,29136,14813,70.25,76.33,73.32,1770476,27.04,9646,3890,-19490,-10923,1886572,68085,3657048,105255,103814,171218,486553,968148,229592,162188,102840,722805,210804,158160,109301,106296,173790,476578,892348,225736,158242,107046,625108,220287,128311,214556,210110,345008,963131,1860496,455328,320430,209886,1347913,431091,286471,12.4,45.85,58.24,6.94,18.62,1.17,-0.83,0.34,0.796708165,0.263764654,-0.532943511,-0.3,18.18,14.64,16.45,71.39,2.25
2021,12,41892,-30304,11588,25584,26.05,28854,14965,70.39,76.48,73.46,1776048,28.01,9585,3930,-19269,-11035,1892925,67476,3668973,104537,103277,170475,485257,972005,228638,161440,100848,732630,208900,162096,108839,106208,173898,476853,897747,225553,157863,104851,633352,218517,131331,213376,209485,344373,962110,1869752,454191,319303,205699,1365982,427417,293427,12.6,44.99,57.6,6.97,18.39,1.14,-0.83,0.32,0.786432607,0.261244768,-0.525187839,-0.3,17.71,14.26,16.03,70.44,2.23
2022,12,40289,-30198,10091,25733,26.74,28566,15109,70.56,76.65,73.63,1781056,29.07,9518,3959,-19048,-11150,1898765,66022,3679821,103806,102612,169630,483556,975357,227816,160798,99177,742250,206501,166280,108349,105899,173804,476656,902788,225594,157689,103055,641594,216077,134533,212155,208511,343434,960212,1878145,453410,318487,202232,1383844,422578,300813,12.83,44.15,56.99,6.99,17.94,1.09,-0.82,0.27,0.77628776,0.258653886,-0.517633874,-0.3,17.17,13.84,15.54,68.7,2.18
2023,12,39526,-30067,9459,25909,27,28276,15231,70.72,76.81,73.8,1785500,30.2,9454,3986,-18822,-11245,1904097,65435,3689597,103043,101924,168689,481593,978264,227022,160257,97710,751572,203715,170700,107796,105504,173491,476179,907560,225738,157751,101540,649694,213103,137888,210839,207428,342180,957772,1885824,452760,318008,199250,1401266,416818,308588,13.08,43.32,56.4,7.02,17.73,1.07,-0.81,0.26,0.766370961,0.256233946,-0.510137015,-0.3,16.65,13.43,15.08,67.94,2.16
2024,12,37970,-29927,8043,26058,27.09,27976,15347,70.9,76.99,73.98,1789414,31.4,9389,4007,-18587,-11340,1908938,64028,3698352,102273,101254,167618,479403,980750,226139,159775,96275,760555,200735,175340,107171,105103,172962,475512,912124,225873,158014,100047,657583,209892,141373,209444,206357,340580,954915,1892874,452012,317789,196322,1418138,410627,316713,13.35,42.5,55.85,7.05,17.31,1.03,-0.81,0.22,0.756445033,0.253869832,-0.502575201,-0.31,16.1,12.99,14.58,66.4,2.11
2020,13,32637,2693,35330,19544,28.13,15463,12468,72.33,77.82,75.11,1491292,29.89,26809,3815,11346,-8653,1595122,52181,3086414,81880,80961,133503,387030,836605,180053,127511,79228,674411,162090,133191,85340,83953,137662,383662,765497,180613,126904,82470,579378,169075,111185,167220,164914,271165,770692,1602102,360666,254415,161698,1253789,331165,244376,12.07,40.38,52.45,6.33,16.91,1.06,0.09,1.14,0.501002134,0.868613219,0.367611085,-0.28,11.96,9.76,10.89,68.54,2.07
2021,13,31946,2629,34575,19922,28.8,15285,12590,72.45,77.95,75.23,1508024,31.06,26649,3855,11364,-8735,1613331,51868,3121355,81976,81331,134287,388394,843674,180851,127895,79076,687183,161735,138149,85411,84396,138683,386393,774015,181905,127618,82163,590379,168785,115198,167387,165727,272970,774787,1617689,362756,255513,161239,1277562,330520,253347,12.34,39.74,52.09,6.38,16.62,1.02,0.08,1.11,0.489691176,0.85376383,0.364072654,-0.28,11.66,9.51,10.61,67.64,2.05
2022,13,31310,2569,33879,20281,29,15115,12715,72.58,78.1,75.37,1524382,32.32,26511,3888,11396,-8827,1631199,51591,3155581,81997,81542,134917,389667,850306,181898,128523,78725,699584,161437,143416,85433,84619,139461,388767,782226,183376,128534,81722,601315,168466,119447,167430,166161,274378,778434,1632532,365274,257057,160447,1300899,329903,262863,12.64,39.12,51.76,6.43,16.35,0.99,0.08,1.07,0.478992617,0.84013055,0.361137933,-0.28,11.33,9.23,10.3,66.84,2.03
2023,13,30653,2517,33170,20659,29.08,14924,12816,72.72,78.25,75.51,1540364,33.66,26344,3913,11420,-8903,1648738,51312,3189102,81934,81676,135381,390915,856559,183051,129346,78212,711553,161170,148997,85386,84739,139991,390915,790203,184889,129637,81191,612078,168091,123912,167320,166415,275372,781830,1646762,367940,258983,159403,1323631,329261,272909,12.96,38.51,51.47,6.48,16.09,0.96,0.08,1.04,0.467968726,0.826063262,0.358094536,-0.28,11,8.95,10,66.09,2.01
2024,13,30013,2448,32461,21047,29.76,14741,12910,72.86,78.4,75.66,1555975,35.09,26174,3925,11433,-8985,1665948,51060,3221923,81826,81771,135647,392128,862445,184157,130281,77729,723060,160756,154884,85296,84828,140284,392887,798003,186319,130863,80681,622606,167551,128581,167122,166599,275931,785015,1660448,370476,261144,158410,1345666,328307,283465,13.3,37.91,51.22,6.53,15.85,0.93,0.08,1.01,0.457521797,0.81237199,0.354850194,-0.28,10.66,8.67,9.69,65.41,1.99
2020,14,91782,-9707,82075,49308,28,32603,22782,72.47,78.61,75.5,4146202,28.51,33623,12055,1020,-10727,4263491,141090,8409693,219632,219216,363949,1072504,2259695,501476,356743,215836,1762627,437031,345862,226563,226521,375893,1105089,2221707,517855,368483,223884,1639325,451520,281961,446195,445737,739842,2177593,4481402,1019331,725226,439720,3401952,888551,627823,11.25,39.47,50.72,5.86,16.78,1.09,-0.12,0.98,0.387683593,0.399812455,0.012128861,-0.13,10.91,9,9.98,63.28,2.05
2021,14,89963,-9811,80152,50290,28.21,32288,23018,72.59,78.73,75.62,4185698,29.72,33306,12189,1018,-10829,4305108,140253,8490806,219273,219424,364477,1073930,2277089,501984,356931,213933,1795550,435883,359035,226103,226621,376316,1106530,2241508,517733,368038,221933,1673153,450752,291932,445376,446045,740793,2180460,4518597,1019717,724969,435866,3468703,886635,650967,11.52,38.78,50.3,5.92,16.52,1.06,-0.12,0.94,0.380270142,0.392259581,0.011989439,-0.13,10.63,8.78,9.73,62.51,2.02
2022,14,86553,-9908,76645,51270,28.93,31963,23233,72.72,78.86,75.75,4223756,31.01,33000,12288,1037,-10945,4345448,137823,8569204,218871,219295,364745,1074753,2293158,502932,357482,211709,1827778,434402,372837,225722,226321,376411,1106790,2260025,518077,367987,219613,1706776,449615,302433,444593,445616,741156,2181543,4553183,1021009,725469,431322,3534554,884017,675270,11.81,38.1,49.91,5.98,16.08,1.01,-0.12,0.89,0.372998472,0.385099946,0.012101474,-0.13,10.33,8.53,9.45,61.11,1.98
2023,14,84804,-10004,74800,52271,29,31629,23431,72.85,78.99,75.89,4260414,32.38,32684,12372,1055,-11059,4384506,137075,8644920,218422,218991,364752,1075194,2308038,504044,358283,209188,1859123,432552,387252,225392,225843,376200,1106331,2277547,518665,368308,217009,1739831,448018,313445,443814,444834,740952,2181525,4585585,1022709,726591,426197,3598954,880570,700697,12.12,37.43,49.55,6.05,15.86,0.98,-0.12,0.87,0.365868047,0.378071746,0.012203699,-0.13,10.04,8.29,9.18,60.52,1.96
2024,14,81475,-10104,71371,53290,29.41,31281,23594,72.99,79.13,76.03,4295702,33.85,32354,12417,1073,-11177,4422302,134765,8718004,217990,218640,364391,1075336,2321835,504966,359215,206735,1889476,429980,402257,225106,225408,375675,1105522,2294335,519230,368963,214466,1772001,445608,324955,443096,444048,740066,2180858,4616170,1024196,728178,421201,3661477,875588,727212,12.45,36.77,49.22,6.11,15.46,0.93,-0.12,0.82,0.358809195,0.371117058,0.012307863,-0.13,9.73,8.04,8.9,59.27,1.93
2020,15,175249,3782,179031,97790,29.12,92031,20882,73.12,77.81,75.48,8514235,28.99,108167,8528,16136,-12354,8913555,273039,17427790,431733,437514,729716,2198592,4836469,1023628,731426,414174,3941811,841790,680915,448534,452207,751680,2227353,4601640,1042067,742594,431168,3551195,879487,557314,880267,889721,1481396,4425945,9438109,2065695,1474020,845342,7493006,1721277,1238229,10.39,35.83,46.22,5.61,15.67,1.01,0.02,1.03,0.528070398,0.620658156,0.092587758,-0.07,14.79,11.85,13.36,62.39,1.89
2021,15,169775,2490,172265,100375,29.91,92056,21103,73.22,77.94,75.6,8600391,30.56,107034,8615,14978,-12488,9003038,270150,17603429,429337,436207,728216,2195754,4861011,1022094,730085,413513,4012829,837755,713254,446464,451546,751525,2228660,4636250,1041529,741550,428902,3620492,875807,584944,875801,887753,1479741,4424414,9497261,2063623,1471635,842415,7633321,1713562,1298198,10.77,35.23,45.99,5.7,15.35,0.96,0.01,0.98,0.52294357,0.608029265,0.085085696,-0.07,14.46,11.56,13.05,61.67,1.87
2022,15,164568,1219,165787,102935,30,92032,21316,73.34,78.09,75.73,8683082,32.24,105878,8689,13846,-12627,9089378,267503,17772460,426833,434141,725959,2191199,4881700,1021173,729355,411028,4081206,835030,747438,444393,449894,750344,2227233,4667918,1041669,741219,425591,3688386,872455,613988,871226,884035,1476303,4418432,9549618,2062842,1470574,836619,7769592,1707485,1361426,11.17,34.65,45.82,5.79,15.05,0.93,0.01,0.93,0.517834897,0.595741951,0.077907054,-0.07,14.1,11.23,12.7,61.02,1.85
2023,15,159075,12,159087,105536,30.47,91946,21483,73.46,78.23,75.86,8762324,34.02,104699,8742,12753,-12741,9172569,264611,17934893,424270,431734,723029,2185429,4898967,1020263,728968,407022,4146544,833179,783425,442318,447782,748218,2223981,4697196,1041925,741489,421461,3754105,869110,644404,866588,879516,1471247,4409410,9596163,2062188,1470457,828483,7900649,1702289,1427829,11.6,34.09,45.69,5.88,14.75,0.89,0,0.89,0.512665451,0.583772649,0.071107199,-0.07,13.74,10.91,12.36,60.34,1.83
2024,15,153789,-1152,152637,108164,31,91828,21633,73.59,78.38,76,8838169,35.91,103526,8783,11698,-12850,9252600,261953,18090769,421943,429266,719286,2178629,4913143,1018636,728616,403002,4208614,830535,821132,440407,445664,745196,2219558,4724613,1041732,742200,417301,3817130,864818,676105,862350,874930,1464482,4398187,9637756,2060368,1470816,820303,8025744,1695353,1497237,12.05,33.56,45.61,5.98,14.48,0.85,-0.01,0.84,0.50759589,0.572258703,0.064662812,-0.07,13.36,10.58,12,59.69,1.81
2020,16,59538,-26435,33103,31141,27,23328,26294,72.52,77.18,74.87,2346259,28.35,14293,8894,-9035,-17400,2479142,90679,4825401,131388,128998,213014,619610,1279120,289322,205306,134466,984732,268123,208607,134803,130835,214515,606312,1192627,283918,200238,139543,875569,277488,175522,266191,259833,427529,1225922,2471747,573240,405544,274009,1860301,545611,384129,12.45,43.91,56.35,6.45,18.79,1.23,-0.55,0.69,0.483441687,0.296203362,-0.187238325,-0.36,16.19,12.94,14.61,77.26,2.3
2021,16,58047,-26384,31663,31510,27.26,22971,26582,72.64,77.31,75,2362315,29.25,14193,8976,-8778,-17606,2495462,89557,4857777,131413,129065,213071,617855,1284630,288176,204170,132715,999662,268163,214440,135106,131324,215357,605724,1199436,283294,199261,137733,889306,277980,180474,266519,260389,428428,1223579,2484066,571470,403431,270448,1888968,546143,394914,12.69,43.38,56.07,6.49,18.44,1.19,-0.54,0.65,0.472870616,0.292170678,-0.180699937,-0.36,15.82,12.61,14.26,76.1,2.27
2022,16,57334,-26319,31015,31854,27.88,22620,26822,72.77,77.47,75.14,2377798,30.22,14071,9052,-8549,-17770,2511325,89188,4889123,131464,129050,213177,616040,1289708,287537,203410,131303,1014090,267578,220648,135457,131656,216168,604983,1205911,283301,198789,136258,902722,277720,185723,266921,260706,429345,1221023,2495619,570838,402199,267561,1916812,545298,406371,12.95,42.86,55.81,6.52,18.24,1.17,-0.54,0.63,0.462659663,0.287802127,-0.174857536,-0.36,15.41,12.25,13.87,75.63,2.26
2023,16,55892,-26254,29638,32209,28,22267,27060,72.9,77.63,75.28,2392705,31.26,13963,9110,-8304,-17950,2526743,88101,4919448,131524,129045,213301,614359,1294457,287268,203012,130365,1027888,266186,227223,135825,131952,216910,604360,1212186,283794,198836,135278,915605,276515,191246,267349,260997,430211,1218719,2506643,571062,401848,265643,1943493,542701,418469,13.23,42.34,55.57,6.55,17.91,1.14,-0.53,0.6,0.452632084,0.283832658,-0.168799426,-0.36,15,11.89,13.48,74.61,2.23
2024,16,55192,-26194,28998,32569,28.05,21912,27257,73.04,77.79,75.44,2407069,32.37,13830,9145,-8082,-18112,2541697,87761,4948766,131629,129100,213366,612884,1298920,287193,202927,129409,1040973,264461,234136,136206,132307,217551,604049,1218414,284616,199372,134266,927843,274876,197001,267835,261407,430917,1216933,2517334,571809,402299,263675,1968816,539337,431137,13.53,41.81,55.34,6.58,17.73,1.12,-0.53,0.59,0.442777048,0.279463608,-0.16331344,-0.37,14.58,11.51,13.08,74.24,2.22
2020,17,19823,1449,21272,13825,29.11,11449,6421,72.67,77.81,75.27,991785,34.98,16522,2797,5073,-3624,1052273,33648,2044058,49928,50635,84615,255403,550426,119346,85366,50056,450190,98804,98271,52080,52356,86965,257731,517375,120669,86060,51928,396255,103249,79119,102008,102991,171580,513134,1067801,240015,171426,101984,846445,202053,177390,13.05,37.3,50.34,6.76,16.46,0.97,0.07,1.04,0.560111308,0.80829409,0.248182782,-0.18,11.14,9.1,10.14,69.85,2.02
2021,17,19283,1354,20637,14085,29.78,11398,6496,72.78,77.95,75.39,1002183,36.25,16429,2819,5031,-3677,1062831,33368,2065014,49782,50467,84359,254898,553434,118944,85052,50237,457830,98981,101759,52006,52329,86973,257825,521858,120397,85753,52020,403793,103416,81984,101788,102796,171332,512723,1075292,239341,170805,102257,861623,202397,183743,13.37,36.88,50.25,6.82,16.16,0.93,0.07,1,0.551957517,0.795587827,0.24363031,-0.18,10.87,8.85,9.89,69.01,2
2022,17,18894,1294,20188,14334,30,11339,6554,72.91,78.09,75.53,1012290,37.59,16332,2855,4993,-3699,1073133,33228,2085423,49669,50261,84082,254202,556104,118619,84798,50140,465251,99363,105451,51972,52228,86931,257602,526115,120245,85542,51880,411272,103709,85015,101641,102489,171013,511804,1082219,238864,170340,102020,876523,203072,190466,13.72,36.49,50.21,6.87,15.93,0.91,0.06,0.97,0.54372662,0.783150469,0.239423848,-0.18,10.56,8.59,9.6,68.59,1.99
2023,17,18337,1213,19550,14604,30.12,11271,6610,73.03,78.23,75.66,1022110,39.03,16223,2871,4952,-3739,1083181,32941,2105291,49590,50067,83803,253398,558502,118325,84589,49864,472407,99822,109338,51966,52115,86842,257196,530218,120167,85440,51597,418598,104024,88199,101556,102182,170645,510594,1088720,238492,170029,101461,891005,203846,197537,14.09,36.11,50.21,6.94,15.65,0.87,0.06,0.93,0.53536542,0.770582309,0.235216889,-0.18,10.27,8.34,9.33,67.87,1.97
2024,17,17934,1138,19072,14860,30.81,11197,6662,73.18,78.38,75.81,1031642,40.54,16113,2884,4916,-3778,1092957,32794,2124599,49577,49914,83509,252536,560653,117996,84401,49580,479251,100155,113399,51988,52043,86715,256712,534225,120113,85441,51299,425695,104217,91520,101565,101957,170224,509248,1094878,238109,169842,100879,904946,204372,204919,14.49,35.74,50.23,6.99,15.44,0.84,0.05,0.9,0.527017098,0.758401938,0.23138484,-0.18,9.95,8.07,9.04,67.5,1.96
2020,18,14598,3090,17688,7892,27.69,7265,3155,72.9,77.9,75.33,644201,27.83,10989,2521,3724,-634,644370,22490,1288571,33984,33001,54438,158454,334379,73879,52442,35121,260914,70545,51813,35786,34901,57497,166112,334555,77560,54964,36494,250706,73587,46678,69770,67902,111935,324566,668934,151439,107406,71615,511620,144132,98491,11.78,42.32,54.1,6.12,17.45,1.13,0.24,1.37,0.563802848,0.852805162,0.289002313,-0.05,10.93,8.93,9.96,79.48,2.2
2021,18,14415,3059,17474,8036,28,7211,3187,73,78.03,75.44,653029,28.75,10909,2548,3698,-639,653116,22451,1306145,34351,33371,55009,159505,338333,74281,52643,34630,266660,71129,53536,36072,35256,58087,167367,339385,78027,55196,36023,256665,74043,48264,70423,68627,113096,326872,677718,152308,107839,70653,523325,145172,101800,11.97,41.65,53.63,6.15,17.19,1.1,0.23,1.34,0.552082655,0.835205892,0.283123237,-0.05,10.67,8.7,9.71,78.61,2.18
2022,18,14037,3013,17050,8177,28,7150,3218,73.14,78.17,75.59,661681,29.75,10811,2570,3661,-648,661723,22214,1323404,34710,33727,55605,160554,342200,74814,52936,34253,272341,71398,55380,36349,35562,58660,168518,344131,78620,55522,35652,262636,74222,49937,71059,69289,114265,329072,686331,153434,108458,69905,534977,145620,105317,12.19,40.97,53.16,6.18,16.79,1.06,0.23,1.29,0.540273416,0.816908518,0.276635102,-0.05,10.36,8.44,9.43,77.12,2.14
2023,18,13880,2959,16839,8325,28.61,7090,3248,73.27,78.31,75.72,670160,30.84,10711,2586,3621,-662,670185,22205,1340345,35059,34083,56216,161644,345998,75452,53319,34002,277914,71337,57340,36621,35844,59203,169628,348819,79304,55945,35387,268561,74110,51692,71680,69927,115419,331272,694817,154756,109264,69389,546475,145447,109032,12.42,40.28,52.7,6.21,16.57,1.04,0.22,1.26,0.528968288,0.799122614,0.270154326,-0.05,10.07,8.19,9.16,76.38,2.12
2024,18,13523,2903,16426,8477,29,7031,3272,73.41,78.46,75.86,678471,32.02,10612,2594,3581,-678,678500,22000,1356971,35415,34444,56811,162787,349743,76152,53785,33760,283350,71061,59415,36903,36124,59695,170742,353479,80037,56466,35133,274396,73799,53523,72318,70568,116506,333529,703222,156189,110251,68893,557746,144860,112938,12.67,39.58,52.25,6.25,16.21,1,0.21,1.21,0.518139297,0.782035873,0.263896576,-0.05,9.77,7.94,8.88,75,2.08
2020,19,59241,17149,76390,31541,29,17129,4067,72.92,79.1,75.92,2803984,29.62,34431,3914,17302,-153,2806169,90782,5610153,136877,138530,231881,696377,1501439,327053,233702,135309,1209671,272207,222546,141660,144440,242265,736762,1533275,345717,247892,139851,1181498,280252,185589,278537,282970,474146,1433139,3034714,672770,481594,275160,2391169,552459,408135,10.67,36.03,46.7,5.62,16.18,1.06,0.31,1.36,0.305321441,0.613726578,0.308405136,0,10.01,8.35,9.2,62.57,2.01
2021,19,58297,16788,75085,32409,29.49,17104,4105,73.04,79.2,76.03,2841387,30.95,34041,3956,16937,-149,2844501,90706,5685888,137012,138991,232689,700845,1515571,328915,235217,134668,1233562,272864,232465,141530,144604,242667,740555,1549168,346829,248766,139820,1206585,280674,193949,278542,283595,475356,1441400,3064739,675744,483983,274488,2440147,553538,426414,10.99,35.5,46.49,5.7,15.95,1.03,0.3,1.32,0.30081493,0.598692764,0.297877834,0,9.76,8.15,8.98,61.87,1.99
2022,19,57433,16428,73861,33250,30,17047,4144,73.16,79.33,76.16,2878105,32.35,33632,3987,16585,-157,2882253,90683,5760358,137156,139248,233313,704620,1528787,330767,236702,134262,1257060,273160,242984,141474,144519,242816,743232,1564112,347939,249642,139698,1231615,281111,202775,278630,283767,476129,1447852,3092899,678706,486344,273960,2488675,554271,445759,11.32,35.01,46.33,5.77,15.74,1,0.29,1.28,0.295936468,0.583852601,0.287916133,0,9.49,7.92,8.73,61.28,1.98
2023,19,56495,16058,72553,34107,30,16995,4185,73.29,79.46,76.29,2914141,33.83,33227,4011,16232,-174,2919428,90602,5833569,137346,139368,233796,707801,1541206,332485,238057,134097,1280058,273049,254130,141503,144310,242790,745053,1578316,348943,250463,139525,1256366,281484,212077,278849,283678,476586,1452854,3119522,681428,488520,273622,2536424,554533,466207,11.69,34.54,46.23,5.85,15.53,0.97,0.28,1.24,0.291331087,0.569582703,0.278251616,0,9.22,7.7,8.48,60.71,1.96
2024,19,55577,15697,71274,34978,30.42,16926,4208,73.42,79.59,76.42,2949475,35.39,32798,4033,15872,-175,2956005,90555,5905480,137653,139450,234074,710484,1552962,333878,239254,133969,1302464,272687,265872,141647,144130,242586,746288,1592000,349689,251233,139387,1280609,281652,221831,279300,283580,476660,1456772,3144962,683567,490487,273356,2583073,554339,487703,12.07,34.11,46.18,5.92,15.33,0.94,0.27,1.21,0.286615144,0.555382458,0.268767314,0,8.95,7.47,8.23,60.21,1.95
2020,20,44359,-21904,22455,29298,27.21,21872,21617,71.39,76.84,74.17,1988754,31.07,16568,5017,-5304,-16600,2154839,73657,4143593,115609,113905,187437,535391,1108592,250456,176924,109690,862074,228413,196082,118751,115798,189034,518792,1002748,244456,171220,113472,732450,235632,158321,234360,229703,376471,1054183,2111340,494912,348144,223162,1594524,464045,354403,13.38,43.06,56.44,7.07,17.78,1.07,-0.53,0.54,0.52785107,0.39984622,-0.12800485,-0.4,19.94,16.09,18.06,69.85,2.16
2021,20,43363,-21778,21585,29559,27.87,21501,21846,71.53,76.98,74.31,1998986,32.09,16503,5066,-4998,-16780,2166633,72922,4165619,115107,113825,187548,535042,1114165,250314,176591,108381,874467,226151,200869,118337,115972,189704,519844,1009484,244911,171179,112134,742885,233544,161892,233444,229797,377252,1054886,2123649,495225,347770,220515,1617352,459695,362761,13.58,42.31,55.89,7.1,17.51,1.04,-0.52,0.52,0.516153782,0.396171613,-0.119982168,-0.4,19.45,15.7,17.62,69.09,2.13
2022,20,42477,-21653,20824,29800,28,21130,22045,71.68,77.15,74.47,2008794,33.17,16415,5107,-4715,-16938,2178038,72277,4186832,114501,113529,187461,534485,1119206,250497,176565,107329,886480,223617,205963,117836,115839,190064,520500,1015827,245718,171493,111043,753196,231139,165715,232337,229368,377525,1054985,2135033,496215,348058,218372,1639676,454756,371678,13.79,41.58,55.38,7.12,17.26,1.01,-0.52,0.5,0.504677522,0.392062543,-0.11261498,-0.4,18.93,15.25,17.13,68.46,2.11
2023,20,41527,-21516,20011,30040,28.11,20761,22229,71.83,77.31,74.63,2018172,34.33,16331,5143,-4430,-17086,2189065,71567,4207237,113755,113133,187158,533837,1123769,250828,176803,106396,898020,220966,211362,117198,115556,190087,520947,1021861,246686,172155,110085,763206,228564,169783,230953,228689,377245,1054784,2145630,497514,348958,216481,1661226,449530,381145,14.03,40.87,54.91,7.14,17.01,0.99,-0.51,0.48,0.493459247,0.388164489,-0.105294758,-0.41,18.4,14.81,16.64,67.76,2.09
2024,20,40633,-21379,19254,30313,28.78,20392,22384,71.98,77.47,74.79,2027157,35.57,16236,5161,-4156,-17223,2199712,70946,4226869,112898,112684,186580,533070,1127850,251098,177202,105467,909063,218356,217048,116427,115220,189774,521245,1027652,247636,173082,109121,772868,226001,174067,229325,227904,376354,1054315,2155502,498734,350284,214588,1681931,444357,391115,14.29,40.18,54.48,7.17,16.78,0.96,-0.51,0.46,0.482437473,0.384114104,-0.098323369,-0.41,17.86,14.36,16.15,67.16,2.07
2020,21,79566,-18462,61104,39822,27,29303,24349,71.74,77.83,74.85,3182320,26.52,29449,5741,146,-18608,3422131,119388,6604451,181800,181904,301729,876118,1810565,411991,292166,177201,1380566,359516,272362,186844,186229,307691,872448,1673448,413324,291862,183391,1179149,370647,208968,368644,368133,609420,1748566,3484013,825315,584028,360592,2559715,730163,481330,11.17,42.12,53.3,6.03,18.08,1.2,-0.28,0.93,0.44368563,0.44589626,0.00221063,-0.28,17.49,14.07,15.82,76.78,2.13
2021,21,78040,-18516,59524,40436,27,28966,24603,71.87,77.96,74.97,3211545,27.55,29261,5792,295,-18811,3453219,118476,6664764,181158,181812,301856,877454,1824452,412515,292471,175612,1406210,358087,281496,186200,186217,308137,875582,1690219,414291,292371,181969,1202937,369476,215906,367358,368029,609993,1753036,3514671,826806,584842,357581,2609147,727563,497402,11.4,41.38,52.79,6.07,17.78,1.17,-0.28,0.89,0.434614039,0.439040302,0.004426263,-0.28,17.06,13.74,15.44,75.81,2.1
2022,21,76370,-18556,57814,41040,27.58,28620,24837,72.02,78.1,75.12,3239890,28.66,29063,5838,443,-18999,3483541,117410,6723431,180495,181399,301679,878147,1837166,413285,293005,174149,1431338,356356,291213,185597,185796,308146,877565,1706006,415450,293100,180547,1226763,368073,223274,366092,367195,609825,1755712,3543172,828735,586105,354696,2658101,724429,514487,11.66,40.67,52.33,6.1,17.46,1.14,-0.28,0.86,0.425675522,0.43226442,0.006588898,-0.28,16.59,13.36,15.02,74.81,2.08
2023,21,74826,-18589,56237,41678,28,28270,25050,72.16,78.25,75.26,3267363,29.84,28859,5872,589,-19178,3513102,116504,6780465,179811,180818,301208,878371,1848813,414054,293664,172828,1455819,354279,301503,185012,185189,307758,878733,1721006,416576,294007,179184,1250373,366356,231042,364823,366007,608966,1757104,3569819,830630,587671,352012,2706192,720635,532545,11.93,39.98,51.92,6.15,17.18,1.1,-0.27,0.83,0.416933057,0.425619777,0.00868672,-0.28,16.14,12.99,14.6,73.96,2.05
2024,21,73143,-18578,54565,42289,28,27901,25218,72.31,78.4,75.42,3293975,31.09,28637,5904,736,-19314,3541887,115432,6835862,179153,180197,300397,878205,1859467,414550,294350,171511,1479559,351989,312330,184442,184595,307009,879353,1735403,417457,295043,177808,1273560,364377,239179,363595,364792,607406,1757558,3594870,832007,589393,349319,2753119,716366,551509,12.23,39.32,51.55,6.19,16.89,1.07,-0.27,0.8,0.408156279,0.418923027,0.010766747,-0.28,15.66,12.6,14.17,73.05,2.03
2020,22,27468,12770,40238,11712,27.98,8651,7722,72.72,78.65,75.66,1124212,24.15,26730,2413,18079,-5309,1155425,39180,2279637,57797,58484,97775,298273,637715,138699,99408,58190,489975,115076,78561,61332,61666,102738,308319,618238,144209,103137,61223,445882,122727,64849,119129,120150,200513,606592,1255953,282908,202545,119413,935857,237803,143410,9.3,38.5,47.79,5.14,17.19,1.2,0.56,1.77,0.379490243,1.172555104,0.793064861,-0.23,13.1,10.65,11.9,59.74,2.01
2021,22,26996,12556,39552,12056,28,8601,7800,72.84,78.76,75.78,1143982,25.34,26521,2436,17920,-5364,1175555,39052,2319537,57927,58653,98054,299386,646377,139003,99602,58329,503929,115790,82720,61578,61965,103270,310456,628459,144778,103473,61169,459309,123470,68199,119505,120618,201324,609842,1274836,283781,203075,119498,963238,239260,150919,9.59,37.86,47.45,5.2,16.84,1.16,0.54,1.71,0.37080676,1.143374734,0.772567974,-0.23,12.78,10.4,11.62,58.93,1.99
2022,22,26577,12320,38897,12405,28.54,8556,7873,72.97,78.89,75.91,1163383,26.61,26291,2458,17735,-5415,1195375,38982,2358758,58083,58761,98297,300220,654497,139391,99855,58336,517695,116537,87139,61852,62180,103737,312131,638235,145431,103874,61087,472782,124105,71743,119935,120941,202034,612351,1292732,284822,203729,119423,990477,240642,158882,9.91,37.25,47.16,5.26,16.53,1.13,0.52,1.65,0.362733269,1.114612012,0.751878743,-0.23,12.43,10.11,11.3,58.3,1.97
2023,22,26053,12114,38167,12767,29,8489,7937,73.1,79.03,76.04,1182410,27.97,26069,2471,17580,-5466,1214883,38820,2397293,58276,58845,98514,300868,662110,139820,100151,58275,531188,117218,91828,62148,62375,104164,313490,647642,146135,104346,61015,486184,124561,75480,120424,121220,202678,614358,1309752,285955,204497,119290,1017372,241779,167308,10.25,36.66,46.92,5.33,16.19,1.09,0.51,1.59,0.354107737,1.087434869,0.733327132,-0.23,12.1,9.83,10.99,57.61,1.95
2024,22,25586,11904,37490,13131,29.11,8432,7990,73.24,79.17,76.18,1201050,29.41,25842,2484,17410,-5506,1234065,38717,2435115,58534,58946,98685,301387,669265,140203,100464,58181,544360,117756,96778,62483,62602,104539,314653,656757,146824,104887,60903,499411,124847,79398,121017,121548,203224,616040,1326022,287027,205351,119084,1043771,242603,176176,10.61,36.1,46.71,5.39,15.9,1.05,0.49,1.54,0.346267014,1.061222981,0.714955967,-0.23,11.74,9.54,10.67,57.04,1.93
2020,23,22460,15939,38399,7525,27.53,14871,1203,72.64,78.64,75.48,869571,18.24,29826,2187,14955,984,853688,29985,1723259,43070,43616,73259,229633,489875,106319,76676,45300,362262,87224,41785,44149,45262,76410,241667,501987,112274,81126,46923,361527,89439,39685,87219,88878,149669,471300,991862,218593,157802,92223,723789,176663,81470,6.82,37.38,44.2,4.37,17.4,1.3,0.92,2.23,0.862957919,1.730790322,0.867832404,0.06,11.1,9.15,10.15,65.41,1.98
2021,23,22205,15659,37864,7794,28,15034,1215,72.76,78.8,75.62,888988,19.28,29698,2210,14664,995,872401,29999,1761389,43389,44054,73925,231688,498670,107075,77204,45472,374463,88377,44615,44421,45626,77023,244377,512001,113299,81902,47331,373805,90692,42198,87810,89680,150948,476065,1010671,220374,159106,92803,748268,179069,86813,7.09,36.77,43.87,4.42,17.03,1.26,0.89,2.15,0.853530935,1.686055721,0.832524786,0.06,10.82,8.9,9.88,64.48,1.95
2022,23,21830,15357,37187,8081,28,15192,1227,72.88,78.92,75.74,908079,20.41,29554,2222,14362,995,890834,29911,1798913,43720,44426,74564,233513,507046,107919,77781,45511,386549,89518,47664,44728,45915,77562,246688,521629,114330,82683,47471,386118,92069,44880,88448,90341,152126,480201,1028675,222249,160464,92982,772667,181587,92544,7.39,36.2,43.58,4.49,16.63,1.21,0.85,2.07,0.84450999,1.642881006,0.798371016,0.06,10.53,8.66,9.61,63.52,1.93
2023,23,21517,15077,36594,8386,28.67,15331,1235,72.99,79.01,75.85,926817,21.62,29400,2243,14069,1008,908979,29903,1835796,44094,44740,75178,235160,515025,108828,78390,45490,398462,90532,50938,45097,46157,78061,248688,530909,115350,83446,47448,398373,93414,47729,89191,90897,153239,483848,1045934,224178,161836,92938,796835,183946,98667,7.7,35.64,43.35,4.57,16.29,1.17,0.82,1.99,0.835114577,1.601485132,0.766370555,0.05,10.24,8.44,9.36,62.78,1.91
2024,23,21122,14788,35910,8675,29,15469,1241,73.13,79.17,76,945214,22.91,29252,2246,13783,1005,926834,29797,1872048,44562,45034,75731,236680,522652,109716,79019,45448,410156,91325,54430,45575,46405,78512,250483,539922,116294,84187,47401,410485,94526,50751,90137,91439,154243,487163,1062574,226010,163206,92849,820641,185851,105181,8.04,35.1,43.14,4.63,15.92,1.13,0.79,1.92,0.826314283,1.562566772,0.736252489,0.05,9.92,8.17,9.07,61.9,1.88
2020,24,29998,-10162,19836,19246,28,13617,10565,72.27,77.56,74.91,1399071,31.41,10744,3276,-2873,-7289,1467071,49244,2866142,76883,77366,128059,369115,767680,173608,122915,72980,599787,148698,126986,79009,79357,130982,370670,724065,175337,123712,75618,535397,153151,109918,155892,156723,259041,739785,1491745,348945,246627,148598,1135184,301849,236904,12.64,40.23,52.86,6.71,17.18,1.05,-0.35,0.69,0.475098582,0.374859306,-0.100239276,-0.25,12.64,10.26,11.48,67.18,2.09
2021,24,29357,-10061,19296,19487,28.01,13344,10674,72.39,77.69,75.03,1408390,32.52,10656,3301,-2688,-7373,1477315,48844,2885705,76145,76884,127538,368828,771563,173440,122786,73084,609347,147236,130720,78249,78898,130552,370796,728975,175217,123563,75783,544290,151843,112805,154394,155782,258090,739624,1500538,348657,246349,148867,1153637,299079,243525,12.86,39.56,52.42,6.75,16.93,1.02,-0.35,0.67,0.46241733,0.369268515,-0.093148815,-0.26,12.33,10,11.19,66.87,2.07
2022,24,28559,-9945,18614,19716,28.72,13062,10779,72.53,77.84,75.18,1417384,33.7,10558,3338,-2504,-7441,1487268,48275,2904652,75385,76239,126811,368171,774931,173305,122733,72814,618669,146222,134722,77502,78240,129872,370358,733435,175126,123494,75524,553163,151011,115898,152887,154479,256683,738529,1508366,348431,246227,148338,1171832,297233,250620,13.12,38.93,52.05,6.79,16.62,0.98,-0.34,0.64,0.449692424,0.363485884,-0.08620654,-0.26,11.97,9.7,10.86,66.33,2.04
2023,24,27886,-9861,18025,19972,29,12784,10874,72.66,77.99,75.32,1426042,34.96,10446,3351,-2338,-7523,1496921,47858,2922963,74593,75544,125909,367232,777842,173082,122717,72172,627688,145645,138982,76753,77514,128972,369516,737537,174950,123492,74862,561894,150613,119184,151346,153058,254881,736748,1515379,348032,246209,147034,1189582,296258,258166,13.4,38.34,51.74,6.83,16.37,0.95,-0.34,0.62,0.437364414,0.357377086,-0.079987328,-0.26,11.64,9.41,10.55,65.99,2.02
2024,24,27050,-9706,17344,20222,29.12,12504,10933,72.8,78.14,75.47,1434377,36.29,10358,3373,-2146,-7560,1506274,47272,2940651,73810,74847,124832,366012,780332,172653,122668,71525,636386,145118,143503,76016,76808,127895,368369,741358,174598,123511,74187,570414,150241,122651,149826,151655,252727,734381,1521690,347251,246179,145712,1206800,295359,266154,13.71,37.78,51.49,6.88,16.08,0.92,-0.33,0.59,0.425211968,0.35223493,-0.072977038,-0.26,11.28,9.11,10.22,65.4,1.99
2020,25,30360,-5088,25272,20246,29,22021,4076,72.13,78.29,75.13,1568423,32.78,18123,2886,-3898,-1190,1588251,50606,3156674,79925,80895,134662,394399,832367,185842,132075,75760,669499,155401,138906,84282,85258,141726,412672,828464,195002,138534,78640,632555,163479,119722,164207,166153,276388,807071,1660831,380844,270609,154400,1302054,318880,258628,12.26,37.41,49.67,6.41,16.03,0.96,-0.16,0.8,0.697601336,0.574116934,-0.123484402,-0.04,12.8,10.45,11.65,67.94,2.01
2021,25,29667,-5057,24610,20635,29.01,21859,4108,72.26,78.42,75.26,1580461,34.24,17997,2913,-3862,-1195,1601148,50302,3181609,79350,80565,134266,394353,836422,185698,131997,75099,679832,154385,144265,83682,85000,141486,413270,834094,194931,138445,77778,643220,162144,123805,163032,165565,275752,807623,1670516,380629,270442,152877,1323052,316529,268070,12.58,36.74,49.32,6.49,15.81,0.93,-0.16,0.77,0.687042311,0.565657188,-0.121385123,-0.04,12.47,10.19,11.36,67,1.99
2022,25,28889,-5034,23855,21027,29.73,21698,4149,72.4,78.56,75.4,1592125,35.78,17877,2936,-3821,-1213,1613713,49916,3205838,78774,80090,133715,393906,839938,185578,131953,74514,689911,153328,149900,83094,84540,141034,413223,839233,194887,138393,77118,653870,160641,128115,161868,164630,274749,807129,1679171,380465,270346,151632,1343781,313969,278015,12.93,36.12,49.05,6.56,15.57,0.9,-0.16,0.74,0.676827712,0.557638908,-0.119188805,-0.04,12.11,9.9,11.04,66.07,1.97
2023,25,28187,-5009,23178,21422,30,21530,4187,72.53,78.7,75.54,1603408,37.41,17755,2953,-3775,-1234,1625949,49609,3229357,78206,79542,133021,393144,842991,185385,131906,73999,699667,152228,155803,82513,83965,140381,412698,843993,194790,138374,76589,664366,159042,132632,160719,163507,273402,805842,1686984,380175,270280,150588,1364033,311270,288435,13.29,35.53,48.83,6.63,15.36,0.87,-0.16,0.72,0.666696188,0.549799852,-0.116896336,-0.04,11.77,9.62,10.72,65.37,1.95
2024,25,27394,-4981,22413,21816,30.21,21345,4214,72.68,78.85,75.69,1614321,39.11,17607,2971,-3738,-1243,1637837,49210,3252158,77674,78980,132183,392113,845630,185021,131818,73511,709053,151110,161960,81928,83375,139547,411826,848485,194559,138387,76086,674604,157457,137354,159602,162355,271730,803939,1694115,379580,270205,149597,1383657,308567,299314,13.68,34.98,48.66,6.71,15.13,0.84,-0.15,0.69,0.656333425,0.54139436,-0.114939065,-0.04,11.4,9.32,10.39,64.61,1.93
2020,26,31577,4993,36570,18069,29,11746,4425,72.39,78.58,75.38,1528688,29.7,15863,5301,4117,876,1546057,49646,3074745,78817,78856,131063,386681,819337,181174,128967,75762,651684,156213,123591,81056,81639,135524,396404,816636,186077,132192,77664,631458,158685,107353,159873,160495,266587,783085,1635973,367251,261159,153426,1283142,314898,230944,11.18,37.63,48.81,5.88,16.15,1.03,0.16,1.19,0.382015419,0.515912702,0.133897283,0.03,11.83,9.7,10.79,62.05,2
2021,26,31196,4998,36194,18502,29,11654,4476,72.52,78.71,75.52,1546538,31.2,15770,5358,4116,882,1564581,49698,3111119,78758,79016,131403,388412,827303,181794,129407,74772,664232,155902,129447,80757,81657,135784,398308,825110,186812,132685,77308,643941,158208,112206,159515,160673,267187,786720,1652413,368606,262092,152080,1308173,314110,241653,11.54,36.97,48.51,5.95,15.97,1,0.16,1.16,0.374591907,0.506891572,0.132299665,0.03,11.52,9.45,10.51,61.18,1.98
2022,26,30389,4998,35387,18967,29.48,11551,4518,72.64,78.85,75.65,1564067,32.77,15673,5394,4122,876,1582827,49356,3146894,78668,79056,131638,389806,834806,182488,129906,74160,676604,155170,135581,80461,81478,135813,399664,833093,187571,133236,76980,656394,157703,117281,159129,160534,267451,789470,1667899,370059,263142,151140,1332998,312873,252862,11.91,36.35,48.27,6.03,15.68,0.97,0.16,1.12,0.367060346,0.498046645,0.1309863,0.03,11.2,9.18,10.22,59.97,1.96
2023,26,29983,4995,34978,19448,30,11447,4552,72.79,78.97,75.79,1581274,34.42,15561,5433,4114,881,1600798,49431,3182072,78556,79026,131773,390940,841892,183183,130436,73858,688744,154079,141980,80164,81199,135636,400607,840664,188251,133814,76665,668698,157191,122569,158720,160225,267409,791547,1682556,371434,264250,150523,1357442,311270,264549,12.31,35.76,48.07,6.11,15.53,0.94,0.16,1.1,0.359734161,0.48902099,0.129286829,0.03,10.87,8.93,9.92,59.38,1.95
2024,26,29192,4980,34172,19911,30,11337,4583,72.93,79.12,75.93,1598166,36.14,15451,5449,4114,866,1618485,49103,3216651,78464,78963,131766,391830,848587,183765,130962,73605,700628,152884,148618,79889,80907,135273,401236,847923,188758,134392,76400,680793,156618,128040,158353,159870,267039,793066,1696510,372523,265354,150005,1381421,309502,276658,12.72,35.2,47.93,6.19,15.27,0.91,0.15,1.06,0.352447312,0.480344308,0.127896996,0.03,10.54,8.66,9.62,58.4,1.92
2020,27,31893,-4125,27768,14262,28,13515,1496,72.04,78.24,75.06,1266580,24.53,9850,1036,-3665,-460,1305707,46155,2572287,67144,66176,109561,325597,705888,150926,107541,68507,549877,136927,90269,69942,68170,112276,326958,668846,152059,107953,71573,504012,143956,80268,137086,134346,221837,652555,1374734,302985,215494,140080,1053889,280883,170537,9.99,40.75,50.74,5.54,17.94,1.24,-0.16,1.08,0.525407935,0.382927722,-0.142480213,-0.02,14.23,11.54,12.92,75,2.16
2021,27,31029,-4044,26985,14575,28,13433,1513,72.16,78.35,75.19,1279635,25.63,9853,1049,-3580,-464,1320023,45604,2599658,67299,66289,109735,324995,710614,150576,107130,67894,561291,137209,94375,70330,68634,113045,327539,674565,152182,107771,70544,513872,144393,83522,137629,134923,222780,652534,1385179,302758,214901,138438,1075163,281602,177897,10.3,40.17,50.47,5.61,17.54,1.19,-0.16,1.04,0.516721815,0.379011393,-0.137710422,-0.02,13.88,11.28,12.61,73.89,2.14
2022,27,30665,-3976,26689,14882,28.53,13330,1525,72.3,78.49,75.33,1292418,26.82,9827,1052,-3503,-473,1334072,45547,2626490,67483,66375,109938,324423,714909,150477,106914,67328,572355,137249,98695,70736,69016,113798,328074,680149,152633,107851,69777,523541,144306,86981,138219,135391,223736,652497,1395058,303110,214765,137105,1095896,281555,185676,10.62,39.6,50.22,5.67,17.34,1.17,-0.15,1.02,0.507521445,0.37414953,-0.133371915,-0.02,13.49,10.97,12.26,73.63,2.13
2023,27,29819,-3893,25926,15197,29,13233,1534,72.44,78.64,75.47,1304916,28.08,9809,1065,-3424,-469,1347873,45016,2652789,67680,66487,110162,323973,718832,150555,106880,66914,583003,136937,103238,71135,69380,114518,328706,685670,153333,108195,69354,532901,143615,90625,138815,135867,224680,652679,1404502,303888,215075,136268,1115904,280552,193863,10.96,39.03,50,5.73,16.97,1.12,-0.15,0.98,0.498833492,0.369761787,-0.129071705,-0.02,13.1,10.65,11.91,72.66,2.11
2024,27,29477,-3840,25637,15514,29,13129,1551,72.58,78.78,75.62,1317145,29.43,9772,1068,-3357,-483,1361419,44991,2678564,67888,66653,110386,323677,722431,150722,106989,66506,593203,136423,107994,71502,69773,115186,329511,691185,154198,108785,68934,541888,142682,94456,139390,136426,225572,653188,1413616,304920,215774,135440,1135091,279105,202450,11.32,38.46,49.78,5.79,16.8,1.1,-0.14,0.96,0.490150693,0.364822345,-0.125328348,-0.02,12.71,10.34,11.55,72.47,2.1
2020,28,40343,-10911,29432,22621,29,23824,5846,72.23,78.39,75.25,1805630,30,15268,3491,-8556,-2355,1844972,62964,3650602,92979,91933,152043,439624,957205,205923,145813,92204,787368,186287,154784,96790,96381,159394,457903,944556,215518,152505,95358,740204,192201,128001,189769,188314,311437,897527,1901761,421441,298318,187562,1527572,378488,282785,11.66,38.87,50.53,6.2,17.25,1.11,-0.3,0.81,0.652604694,0.41823239,-0.234372304,-0.06,12.7,10.37,11.56,68.53,2.21
2021,28,39390,-10774,28616,23078,29.08,23560,5909,72.34,78.51,75.37,1819209,31.33,15169,3526,-8391,-2383,1860414,62468,3679623,92895,92242,152664,440745,960430,206676,146254,91487,797732,185463,160921,96370,96404,159673,458976,948682,216043,152774,94846,750386,191066,132963,189265,188646,312337,899721,1909112,422719,299028,186333,1548118,376529,293884,12.01,38.32,50.32,6.27,16.98,1.07,-0.29,0.78,0.640282986,0.412243319,-0.228039666,-0.06,12.39,10.12,11.28,67.78,2.19
2022,28,38790,-10638,28152,23526,29.69,23297,5962,72.47,78.64,75.5,1832455,32.76,15066,3555,-8231,-2407,1875553,62316,3708008,92773,92360,153119,441769,963232,207645,146886,90817,807605,184478,167429,95950,96180,159691,459619,952421,216708,153197,94261,760297,189978,138256,188723,188540,312810,901388,1915653,424353,300083,185078,1567902,374456,305685,12.38,37.79,50.16,6.34,16.81,1.05,-0.29,0.76,0.628288828,0.406309803,-0.221979025,-0.06,12.04,9.84,10.97,67.44,2.18
2023,28,37899,-10508,27391,23989,30,23025,6009,72.61,78.78,75.64,1845382,34.28,14947,3579,-8078,-2430,1890394,61888,3735776,92602,92348,153396,442737,965690,208689,147641,90222,816949,183334,174302,95512,95814,159459,459966,955896,217372,153727,93649,769824,188915,143872,188114,188162,312855,902703,1921586,426061,301368,183871,1586773,372249,318174,12.78,37.28,50.06,6.42,16.57,1.01,-0.28,0.73,0.61633781,0.400104289,-0.216233521,-0.07,11.7,9.56,10.65,66.82,2.16
2024,28,37357,-10385,26972,24430,30,22756,6050,72.76,78.92,75.78,1858007,35.89,14827,3594,-7929,-2456,1904948,61787,3762955,92378,92273,153457,443650,967879,209640,148456,89702,825752,182086,181522,95043,95422,158997,460115,959226,217898,154323,93108,778896,187812,149791,187421,187695,312454,903765,1927105,427538,302779,182810,1604648,369898,331313,13.21,36.81,50.01,6.49,16.42,0.99,-0.28,0.72,0.6047375,0.39402544,-0.21071206,-0.07,11.34,9.27,10.33,66.53,2.15
2020,29,16094,-390,15704,7916,27.71,5574,3804,72.44,78.08,75.27,672646,25.87,8029,959,2455,-2845,707365,24010,1380011,36612,36769,61021,179438,381372,83856,59604,35695,296741,71940,51643,38167,38129,63014,181502,358141,85332,60447,37320,260371,75313,43304,74779,74898,124035,360940,739513,169188,120051,73015,557112,147253,94947,10.34,39.98,50.32,5.74,17.4,1.17,-0.03,1.14,0.403909824,0.581806957,0.177897133,-0.21,15.13,12.2,13.7,71.45,2.06
2021,29,15770,-400,15370,8057,28,5501,3849,72.56,78.22,75.4,680206,26.99,7982,968,2481,-2881,715339,23827,1395545,36495,36751,61067,179652,384438,83966,59650,35689,302984,71737,53744,38058,38129,63116,181956,361948,85435,60448,37266,266357,75169,44997,74553,74880,124183,361608,746386,169401,120098,72955,569341,146906,98741,10.61,39.3,49.91,5.77,17.07,1.13,-0.03,1.1,0.394182918,0.571962925,0.177780007,-0.21,14.78,11.9,13.37,70.25,2.04
2022,29,15444,-413,15031,8206,28.18,5424,3882,72.72,78.34,75.54,687586,28.2,7918,975,2494,-2907,723158,23650,1410744,36376,36664,61042,179751,387235,84141,59763,35539,309056,71634,56016,37957,38048,63133,182194,365553,85604,60519,37084,272299,75097,46815,74333,74712,124175,361945,752788,169745,120282,72623,581355,146731,102831,10.9,38.65,49.55,5.82,16.76,1.09,-0.03,1.07,0.384477978,0.561264127,0.17678615,-0.21,14.36,11.58,13.01,69.17,2.02
2023,29,15116,-422,14694,8356,28.93,5331,3914,72.84,78.5,75.68,694786,29.51,7842,981,2511,-2933,730818,23472,1425604,36251,36549,60954,179777,389793,84321,59916,35278,314927,71595,58450,37858,37938,63070,182297,368996,85790,60658,36809,278126,75055,48761,74109,74487,124024,362074,758789,170111,120574,72087,593053,146650,107211,11.22,38.03,49.26,5.86,16.46,1.06,-0.03,1.03,0.373946762,0.550082632,0.176135869,-0.21,13.98,11.24,12.64,68.18,2
2024,29,14779,-435,14344,8519,29,5258,3948,72.98,78.64,75.82,701804,30.92,7785,986,2527,-2962,738322,23298,1440126,36132,36435,60797,179739,392128,84443,60081,35024,320587,71500,61046,37768,37837,62938,182317,372313,85953,60852,36538,283801,74937,50821,73900,74272,123735,362056,764441,170396,120933,71562,604388,146437,111867,11.58,37.44,49.01,5.92,16.18,1.03,-0.03,1,0.365106942,0.540577699,0.175470757,-0.21,13.58,10.91,12.28,67.24,1.98
2020,30,78245,-28083,50162,60646,29.39,52558,18905,71.51,77.63,74.57,4145434,35.1,37682,5698,-14876,-13207,4394428,138891,8539862,212684,211999,351421,1040584,2265342,484157,344735,210593,1887179,424127,413969,223929,222129,366236,1052005,2118974,493346,349239,218616,1651965,444611,341564,436613,434128,717657,2092589,4384316,977503,693974,429209,3539144,868738,755533,13.42,38.22,51.64,7.1,16.26,0.92,-0.33,0.59,0.6154432,0.441248348,-0.174194852,-0.15,13.13,10.71,11.95,73.67,2.04
2021,30,75412,-28352,47060,61522,30,52373,19113,71.64,77.76,74.7,4167557,36.44,37379,5755,-14994,-13358,4420912,136934,8588469,211828,211092,350059,1035250,2268639,481231,342264,208902,1911504,423050,427502,222993,221567,365734,1049554,2127234,491525,347358,216377,1673515,442892,351967,434821,432659,715793,2084804,4395873,972756,689622,425279,3585019,865942,779469,13.75,37.73,51.48,7.16,15.94,0.88,-0.33,0.55,0.609806008,0.435223088,-0.17458292,-0.16,12.79,10.44,11.64,72.72,2.02
2022,30,73157,-28576,44581,62359,30,52173,19299,71.79,77.9,74.85,4188253,37.87,37095,5801,-15078,-13498,4446046,135516,8634299,211036,210028,348638,1029524,2270811,478856,340246,206684,1934561,421958,441818,222126,220625,364892,1046141,2134720,490247,345980,213883,1694519,440900,362915,433162,430653,713530,2075665,4405531,969103,686226,420567,3629080,862858,804733,14.11,37.25,51.35,7.22,15.7,0.85,-0.33,0.52,0.604252876,0.42962376,-0.174629116,-0.16,12.4,10.13,11.3,72.11,2
2023,30,70410,-28769,41641,63188,30.45,51943,19442,71.93,78.06,75,4207556,39.41,36780,5836,-15163,-13606,4469852,133598,8677408,210272,209029,347176,1023758,2272097,476787,338640,204269,1956120,420457,456901,221255,219611,363725,1042279,2141722,489236,345122,211401,1714611,438341,374378,431527,428640,710901,2066037,4413819,966023,683762,415670,3670731,858798,831279,14.49,36.77,51.26,7.28,15.4,0.81,-0.33,0.48,0.598600412,0.423859291,-0.174741121,-0.16,12.03,9.83,10.96,71.25,1.98
2024,30,68167,-28976,39191,64059,31,51698,19588,72.08,78.21,75.15,4225497,41.04,36441,5869,-15257,-13719,4492328,132226,8717825,209631,208182,345614,1018047,2272634,474761,337329,201862,1976093,418294,472694,220394,218715,362282,1038260,2148443,488272,344705,208912,1733572,435218,386307,430025,426897,707896,2056307,4421077,963033,682034,410774,3709665,853512,859001,14.9,36.3,51.19,7.35,15.17,0.78,-0.33,0.45,0.593014886,0.418005638,-0.175009248,-0.16,11.65,9.52,10.61,70.69,1.97
2020,31,20503,4571,25074,14752,29.11,8528,1965,71.68,77.86,74.71,1112388,33.46,13973,1091,5445,-874,1146710,35255,2259098,55499,56586,94730,288246,619342,134500,96356,52967,492108,108243,97765,56920,58347,97608,295991,607539,138346,99085,54118,457802,109916,83986,112419,114933,192338,584237,1226881,272846,195441,107085,949910,218159,181751,11.85,35.41,47.25,6.53,15.61,0.91,0.2,1.11,0.377495797,0.618521197,0.2410254,-0.04,14.72,11.95,13.37,61.75,1.87
2021,31,19952,4655,24607,15038,29.89,8437,1996,71.81,77.98,74.84,1124026,34.76,13986,1102,5549,-894,1159917,34990,2283943,55286,56394,94446,287909,624446,134139,96087,52800,502747,108040,101524,56517,58039,97214,295459,613279,137846,98671,54202,468388,109454,86625,111803,114433,191660,583368,1237725,271985,194758,107002,971135,217494,188149,12.1,34.82,46.92,6.58,15.32,0.87,0.2,1.08,0.369405016,0.612362042,0.242957027,-0.04,14.35,11.66,13.04,60.96,1.85
2022,31,19503,4760,24263,15325,30,8360,2014,71.95,78.13,74.98,1135464,36.13,14019,1115,5659,-899,1172906,34828,2308370,55101,56151,94131,287321,629109,133856,95876,52578,513238,107867,105474,56160,57631,96716,294539,618577,137423,98338,54097,478952,109215,89409,111261,113782,190847,581860,1247686,271279,194214,106675,992190,217082,194883,12.38,34.27,46.65,6.64,15.09,0.84,0.21,1.05,0.362160312,0.607311653,0.245151341,-0.04,13.94,11.32,12.66,60.42,1.84
2023,31,18930,4857,23787,15614,30.47,8270,2030,72.09,78.27,75.13,1146696,37.57,14034,1123,5764,-907,1185699,34544,2332395,54942,55911,93803,286583,633396,133589,95697,52322,523502,107683,109636,55834,57200,96138,293375,623507,137007,98069,53841,489375,109138,92345,110776,113111,189941,579958,1256903,270596,193766,106163,1012877,216821,201981,12.68,33.75,46.43,6.69,14.81,0.81,0.21,1.02,0.35457116,0.601699112,0.247127952,-0.04,13.54,11,12.3,59.71,1.82
2024,31,18457,4954,23411,15899,31,8179,2039,72.25,78.43,75.28,1157731,39.09,14044,1128,5865,-911,1198261,34356,2355992,54820,55706,93445,285749,637353,133275,95536,52052,533492,107446,113982,55539,56810,95504,292084,628145,136546,97852,53570,499581,109067,95418,110359,112516,188949,577833,1265498,269821,193388,105622,1033073,216513,209400,13,33.25,46.25,6.75,14.58,0.78,0.21,0.99,0.347157376,0.5960971,0.248939725,-0.04,13.12,10.66,11.92,59.24,1.81
2020,32,20486,-8820,11666,10682,27,8196,9105,72.06,78.16,75.05,818789,28,5480,3001,-2716,-6104,847637,31168,1666426,45713,44518,73224,209131,434615,97768,69062,46678,336827,93521,70056,47608,46126,75458,210152,413207,98710,69378,48317,306000,97189,62150,93321,90644,148682,419283,847822,196478,138440,94995,642827,190710,132206,12.45,44.45,56.9,6.41,18.7,1.23,-0.53,0.7,0.49183102,0.328847486,-0.162983535,-0.37,15.59,12.61,14.14,72.48,2.35
2021,32,20039,-8723,11316,10813,27.09,7993,9198,72.17,78.29,75.17,824149,28.85,5429,3039,-2564,-6159,853762,30852,1677911,45806,44684,73509,209154,436650,97779,68954,46083,341909,93476,72063,47708,46365,75907,210577,415693,98843,69301,47764,310504,97095,63579,93514,91049,149416,419731,852343,196622,138255,93847,652413,190571,135642,12.65,43.85,56.5,6.44,18.39,1.19,-0.52,0.67,0.476366148,0.32355709,-0.152809058,-0.37,15.22,12.31,13.8,71.76,2.32
2022,32,19645,-8650,10995,10929,27.67,7795,9284,72.32,78.43,75.32,829337,29.78,5374,3055,-2421,-6229,859743,30574,1689080,45891,44805,73786,209209,438578,97975,68994,45559,346806,93216,74214,47804,46525,76311,210940,418114,99180,69394,47257,314932,96792,65128,93695,91330,150097,420149,856692,197155,138388,92816,661738,190008,139342,12.88,43.24,56.12,6.47,18.1,1.16,-0.51,0.65,0.461493831,0.318161366,-0.143332465,-0.37,14.79,11.97,13.41,71.14,2.3
2023,32,19235,-8575,10660,11055,28,7602,9365,72.45,78.56,75.45,834347,30.8,5317,3075,-2285,-6290,865546,30290,1699893,45956,44913,74042,209342,440426,98295,69166,45132,351465,92713,76494,47882,46653,76652,211320,420510,99660,69661,46813,319207,96273,66792,93838,91566,150694,420662,860936,197955,138827,91945,670672,188986,143286,13.13,42.63,55.76,6.5,17.82,1.13,-0.5,0.63,0.447204618,0.312784393,-0.134420225,-0.37,14.39,11.65,13.05,70.5,2.27
2024,32,18862,-8501,10361,11177,28,7412,9433,72.59,78.72,75.61,839194,31.89,5256,3088,-2156,-6345,871207,30039,1710401,46013,45024,74250,209563,442228,98670,69444,44715,355885,92060,78912,47933,46778,76916,211760,422923,100216,70078,46377,323288,95604,68575,93946,91802,151166,421323,865151,198886,139522,91092,679173,187664,147487,13.4,42.02,55.42,6.53,17.56,1.1,-0.5,0.61,0.433348671,0.307296359,-0.126052312,-0.37,13.97,11.29,12.66,69.94,2.25
